account_id,account_name,industry,sub_industry,fees_inc_vat,revenue,tickets,transactions,last_boxoffice_txn
19815.0,Gwrych Castle,Tourism,Historic,2097.54,33380.4,4499,1431,2026-05-25
10237.0,Salsa 4 Fun,Dance,,1631.64,26728.1,1950,1703,2026-05-25
10443.0,Mambo4Fun Ltd,Dance,,1237.96,19601.65,1702,1610,2026-05-25
8853.0,Kendal Rugby Trading Ltd,Sporting Club,Rugby,255.45,3051.0,678,377,2025-11-07
17077.0,Ryarsh PTFA,Education,PTA,159.55,2463.0,270,85,2025-11-08
9584.0,Paul Lavelle Foundation,Charity,,139.3,1937.0,285,169,2025-06-29
2803.0,Squire Performing Arts Centre,Theatres,Venue,134.03,2285.98,170,114,2026-05-15
2290.0,Fresh Perspective Resourcing,Business,Networking,113.4,1725.0,181,60,2025-06-20
15580.0,Italiafest,Sporting Club,Motorsports,98.43,1548.5,160,89,2025-08-31
608.0,Trent College Parents’ Association,Education,PTA,94.25,1925.0,95,47,2026-05-22
13729.0,Manchester High School for Girls,Education,Independent School - Senior,88.76,1226.0,216,141,2026-03-30
12303.0,Love Black Country,Community,Church,87.5,1210.0,183,80,2026-05-09
19418.0,FH PSPA,Education,PTA,82.5,1500.0,50,41,2026-02-12
20342.0,Icloud Movies,Community,,75.0,26000.0,500,3,2026-04-28
2778.0,Westbourne Orchestral Society,Music,Choir,73.9,1830.0,202,118,2026-03-21
3916.0,Chelsea Academy Foundation,Education,PTA,70.45,1090.0,147,24,2025-09-11
15559.0,Checkout 2025,Charity,,69.49,1290.0,46,37,2025-12-13
16556.0,ORB,Dance,,68.4,1324.0,111,101,2026-05-22
15038.0,St Andrew's Preservation Trust,Business,Historic,67.7,1012.0,124,75,2026-03-17
12740.0,Ermysteds Friends Association,Education,PTA,64.7,773.0,186,141,2026-03-19
17569.0,Sheppey RFC,Sporting Club,Rugby,60.75,744.0,157,84,2025-11-08
18787.0,Westward Ho! Follies,Theatres,AMDRAM,53.33,1667.0,222,98,2026-02-22
16426.0,Puts for Guts,Event Organiser,,53.3,910.0,52,52,2025-09-02
4349.0,Richmond Shakespeare Society,Theatres,AMDRAM,53.0,1100.0,70,65,2026-05-04
3344.0,Golden Goose Theatre LTD,Theatres,,49.2,846.0,67,55,2026-05-22
16479.0,Spinal Research,Associations,Health & Wellbeing,47.83,719.8,78,48,2025-12-16
15982.0,Penrith Playhouse,Business,Venue,43.59,814.0,83,53,2026-05-02
14169.0,Northampton Bach Choir,Music,Choir,42.8,961.0,54,42,2026-03-28
15963.0,City of Glasgow Chorus Trust,Community,Choir,42.63,1449.0,162,119,2026-05-23
12233.0,Greystoke Castle,Tourism,Visitor Attraction,38.25,440.0,51,27,2025-10-31
16634.0,Kinghorn Community Centre,Community,Venue,37.7,3133.0,187,72,2026-05-05
6712.0,Hampstead Chorus,Music,,36.35,716.0,37,30,2026-03-21
11270.0,We Are Grow,Business,,36.27,461.4,91,45,2025-07-12
4792.0,CCHSG PTFA,Education,PTA,35.85,536.0,77,41,2025-11-07
17880.0,KP Jazz,,,30.75,420.0,64,42,2026-05-23
3657.0,Fubhub,Business,Networking,30.4,455.0,51,41,2026-05-13
20053.0,Just4FunBoucyCastles,,,28.65,130.0,191,8,2026-04-02
17274.0,Friends of St Mary&#39;s IOM,Education,PTA,28.07,299.0,87,34,2025-11-30
11382.0,Bethany School,Education,Independent School - Senior,27.92,263.0,97,81,2026-02-07
10456.0,Wigan Borough Business Awards,Business,Government,27.7,470.0,28,28,2025-09-27
10012.0,Polbeth Community Hub,Charity,,26.42,258.5,91,37,2026-05-13
9877.0,Kingston Music Service,Council / Gov,Music,25.31,231.0,88,53,2026-05-09
1440.0,Music Emporium,Music,Choir,25.1,412.0,30,22,2026-02-12
14560.0,Caversham Festival of Song,Festival,Music,23.85,309.0,56,37,2025-06-21
15504.0,mk852cic,Community,CIC,23.75,210.0,112,56,2025-06-29
15068.0,BrightonSoup,Non Profit,CIC,22.75,293.0,47,50,2026-03-27
13845.0,Ampthill Cultural Events,Community,Cultural,22.5,347.5,34,17,2025-09-29
7672.0,Kent College,Education,,19.75,296.0,33,18,2025-10-10
15967.0,Salford Symphony Orchestra,Music,Choir,19.65,690.0,46,32,2025-10-26
19636.0,Elsewhere Bar,Business,Food/Drink,19.4,525.0,41,22,2026-05-20
16007.0,Sherborne Town Council,Council / Gov,Local Government,18.0,600.0,24,13,2025-09-05
15611.0,Woodroffe School,Education,State School - Secondary,17.9,151.0,71,67,2025-07-03
1258.0,Tranby,Education,Independent School - Senior,17.55,249.0,33,29,2025-12-11
15232.0,Ekopia,Business,Networking,17.45,201.5,49,34,2025-09-06
19227.0,Aura Entertainment,Community,Cultural,17.23,272.0,24,13,2026-03-14
19537.0,Raise Your Voice,Community,,17.1,285.0,19,16,2026-03-22
16827.0,The Purple Turtle,,,17.06,226.1,38,21,2026-03-07
7842.0,K Cruise,Business,Health & Wellbeing,16.74,227.5,35,29,2026-05-13
6434.0,The Indian Cultural Association (ICA),Community,Cultural,16.17,245.0,25,13,2025-10-05
8619.0,Carlisle Cathedral Enterprises Ltd,Music,Music,15.9,315.0,19,13,2026-05-17
8239.0,Oxford Harmony,,,15.75,252.0,25,16,2025-11-22
7499.0,Chipperfield Choral Society,Music,Choir,14.7,252.0,14,6,2025-06-21
18489.0,CUSCSC (Travel),Sporting Club,Football,14.25,972.5,21,16,2025-12-30
8530.0,Carlisle Cathedral,Community,Church,13.7,301.0,29,21,2026-05-21
16347.0,Dunsfold Amateur Dramatic Society,Theatres,AMDRAM,13.5,710.0,32,30,2025-11-22
8324.0,Haberdashers' Adams,Education,Independent School - Senior,13.25,220.0,32,16,2026-03-19
524.0,Stroud Film Festival,Festival,Film & TV,12.75,173.0,29,22,2026-04-12
12287.0,Bootham School Box Office,Education,Independent School - Senior,12.75,92.0,17,8,2026-04-25
16551.0,Ely Pride (Pride in Ely CIO),Community,CIC,12.0,120.0,40,40,2025-08-09
4695.0,The Cutting Edge Big Band,Music,,11.2,196.0,14,11,2026-02-20
15602.0,ryelands @ Ivy Cottage,Agriculture,Farming,10.65,1080.0,69,28,2026-05-22
8589.0,Kendal Pride,Festival,LGBTQ+ Events,10.49,125.0,29,9,2025-06-15
16784.0,Nylah Gigi&#39;s Memorial Tournament,Event Organiser,Fundraiser,10.35,102.0,34,21,2026-05-02
12223.0,Sheringham & Cromer Choral Society,Music,Choir,10.35,180.0,9,3,2026-05-18
19312.0,IMC GLOBAL LTD,,,10.35,180.0,9,6,2026-04-29
15719.0,Bristol Harbourside Churches,Community,Church,9.45,840.0,56,17,2026-01-26
15360.0,Hexham and District Music Society,Music,,9.35,180.0,9,8,2026-03-17
19475.0,Southend Choirs,Music,Choir,9.23,127.5,19,8,2026-03-22
15248.0,Fubhub Leigh,Business,Networking,9.1,140.0,14,14,2026-03-25
16757.0,Infinite Business Consulting,Business,Networking,8.92,135.5,14,14,2026-02-04
15556.0,Chords of Chaos,Music,,8.7,115.0,23,14,2026-02-21
20179.0,Gwrych Castle Shop & Café,Tourism,Historic,8.45,103.95,26,15,2026-05-25
18519.0,Michael Hall School,Education,Independent School - Prep,7.75,210.0,29,23,2026-02-28
11924.0,Cardinal Wiseman Catholic School,Education,State School - Secondary,7.71,99.5,18,10,2025-12-16
14568.0,St Roberts Catholic Club,Community,Club/Group,7.65,165.0,11,8,2026-04-28
19898.0,1st Barnt Green Scouts,Community,Scout Groups,7.53,0.5,50,1,2026-03-19
19243.0,Friends of Blackbrook PTA,Education,PTA,7.42,66.3,28,16,2026-03-19
15377.0,Me-Time Pop Choir,Music,Choir,7.3,182.0,14,10,2025-07-17
14801.0,Andre M Sialefuka,Music,,7.0,125.0,5,5,2025-06-28
15549.0,St James PTA,Education,PTA,6.91,62.5,25,9,2025-12-12
11939.0,Pure In Heart Swansea,Community,Church,6.87,114.8,16,15,2025-11-23
14330.0,Irlam and Cadishead Community Festivals CIC,Festival,,6.5,100.0,10,7,2025-08-08
125.0,FORMS events,Education,PTA,6.4,92.0,12,5,2025-11-07
19146.0,Pangbourne Music,Education,Independent School - Senior,6.3,105.0,7,4,2026-05-11
16385.0,Taunton Military Wives Choir,Music,Choir,6.2,97.0,9,6,2026-05-08
6861.0,Excelsior Academy,Education,State School - Secondary,6.15,45.0,9,8,2025-12-11
16384.0,Tregony Clockhouse Players,Theatres,Venue,6.03,211.0,29,18,2026-02-21
7282.0,Caerau Ely Afc,Sporting Club,Football,6.0,100.0,10,10,2025-08-22
16086.0,The Orange Picture Club,Community,Cinema,5.9,67.0,17,10,2026-04-02
12836.0,MK Piano Celebration,Music,,5.9,100.0,7,5,2025-12-06
12899.0,Silverton C of E Primary School,Education,PTA,5.85,85.0,14,4,2025-06-22
277.0,Ibstock Place School,Education,Independent School - Senior,5.71,93.25,7,4,2025-12-04
19590.0,Altrincham College Dance,Education,State School - Secondary,5.65,44.0,23,23,2026-05-06
1293.0,Moreton Hall,Education,Independent School - Senior,5.62,85.15,9,4,2026-02-11
19767.0,Shall We Dance Usk,Dance,,5.6,100.0,4,4,2026-04-24
18700.0,Southside Chamber Music,Music,,5.55,90.0,7,4,2026-05-14
16175.0,Women Who Cumbria CIC,Associations,CIC,5.4,90.0,6,3,2025-11-28
17574.0,Around the world in 60 minutes🌏,,,5.34,50.0,20,19,2025-11-11
17158.0,Barefoot Music,Music,,5.25,78.0,9,6,2026-01-23
15322.0,Ashman,Music,,5.1,57.0,15,15,2025-06-27
17220.0,Gigs At The Common,Music,,5.1,78.0,8,7,2025-10-17
15058.0,Haslingfield Little Owls Preschool,Education,Nursery,4.95,96.0,21,6,2025-07-05
14841.0,124th Derby (Mickleover) Scout Group,Community,Scout Groups,4.86,64.0,11,6,2025-07-21
16670.0,Arlington Museum,Business,Museum,4.7,80.0,8,5,2026-05-12
1315.0,Penny & Pete Psychic Events,Business,,4.65,387.5,29,16,2025-11-25
5782.0,WHSSC,Business,Venue,4.6,80.0,4,1,2026-04-25
17161.0,@beccasaud Rebecca Rampersaud Events,Business,,4.55,70.0,7,7,2026-05-24
13171.0,Victory Facade,Education,PTA,4.5,0.0,0,2,2025-06-20
16300.0,KWMCC,Business,,4.5,45.5,6,3,2026-05-09
1982.0,Let Me Sing,Music,Choir,4.35,135.0,9,5,2026-05-18
17372.0,Terror Management,,,4.2,66.0,6,2,2026-03-28
17754.0,Unified Sports Centre Limited,Sporting Club,Gymnastics,4.05,32.0,8,37,2026-02-10
8525.0,BASINGSTOKE GANESH UTSAV 2025,Community,Church,4.0,50.0,12,5,2025-08-31
14979.0,Stone Choral Society,Music,Choir,3.9,390.0,26,17,2025-07-05
15295.0,TruGrit,Music,,3.9,60.0,6,3,2026-04-04
15419.0,Sennybridge Show,Agriculture,Agricultural/County Show,3.9,229.0,25,15,2025-10-06
16183.0,October8UKPremiere,Event Organiser,Film & TV,3.9,60.0,6,3,2025-08-31
10537.0,Teddington Theatre Club,Theatres,,3.75,72.0,5,5,2025-12-17
17335.0,Georgian Gardens PTA,Education,PTA,3.73,62.5,13,5,2025-11-07
19619.0,Richard Challoner School,Education,,3.6,204.0,24,16,2026-04-18
14205.0,Ely City Military Band Limited,Music,Music,3.6,60.0,4,3,2025-10-25
15439.0,Hotwells Primary PTA,Education,PTA,3.5,45.0,10,9,2025-06-07
4412.0,Newcastle Bach Choir Society,Music,Choir,3.45,506.0,23,5,2025-11-10
1275.0,Hallfield School,Education,Independent School - Senior,3.35,55.0,5,3,2026-05-14
11981.0,Mayflower High School Performance Events,Education,State School - Secondary,3.3,48.0,6,3,2025-07-04
16457.0,Hanul Domnesc @ Rosie Malones,Business,,3.3,60.0,2,1,2025-09-11
13048.0,Cappella Newcastle,Music,,3.3,290.0,23,9,2025-12-06
16577.0,Alcester Day Care,Education,Nursery,3.25,53.0,2,3,2025-10-13
7399.0,Wigan Council,Council / Gov,,3.25,35.0,10,5,2026-01-23
15861.0,Hooked On Harmony,Music,Venue,3.15,56.0,5,6,2025-09-20
17850.0,Border Concert Band,Music,,2.88,60.5,7,5,2026-02-19
5728.0,"Queen's College, Taunton",Education,Independent School - Senior,2.8,35.0,7,5,2025-06-23
323.0,JFS School,Education,State School - Secondary,2.6,40.0,4,2,2025-11-30
7024.0,61st Croydon Scouts,Community,Scout Groups,2.58,27.5,8,5,2026-02-07
5366.0,Friends Of Comberbach School (FoCs),Education,PTA,2.55,45.0,5,3,2025-07-12
14105.0,Edinburgh &#39;Open House&#39; Ceilidh Events,Business,Music,2.55,33.0,3,4,2025-08-06
15690.0,Brighton Philharmonic Orchestra,Music,,2.55,82.0,8,10,2026-05-07
19315.0,Moth Coffi,Community,Club/Group,2.45,65.0,12,14,2026-04-02
17945.0,The Sovereign Hospitaller Order Of Saint John Of Jerusalem,Community,Religious,2.4,30.0,6,3,2026-04-26
19051.0,Jazz in the Sahara,Music,Fundraiser,2.35,35.0,4,3,2026-04-24
16335.0,Headline Music,Music,,2.3,40.0,2,2,2025-09-20
18678.0,a dumb production company,Theatres,,2.25,30.0,5,5,2026-04-29
15109.0,Cumbria Yoga Foundation,Non Profit,Health & Wellbeing,2.25,24.0,3,3,2025-06-21
4548.0,Wolverton Gilbert and Sullivan Society,Theatres,AMDRAM,2.25,52.0,3,3,2025-11-07
12240.0,Resourceful Community Scrapstore,Charity,,2.18,55.5,12,6,2025-09-07
12088.0,SGS Edinburgh,Associations,,2.05,23.0,6,4,2025-06-15
15585.0,Lewis Girls’ School,Education,Independent School - Senior,2.0,28.0,4,4,2025-07-09
12258.0,The Big Bike Film Night UK Ltd,Community,,1.95,33.0,2,1,2025-10-05
18335.0,Fleetville Swing Band,Music,,1.95,30.0,3,2,2026-03-19
17223.0,Queen's College Enterprise,Education,Independent School - Senior,1.95,30.0,3,2,2025-12-19
4762.0,Radlett Prep PTA,Education,PTA,1.95,30.0,3,3,2026-04-24
6695.0,Marshmallow Dreams Cafe,Business,Food/Drink,1.9,14.0,8,8,2026-04-04
18714.0,Ashburton Arts,Charity,,1.8,37.0,3,3,2026-03-07
19890.0,The lakes Farm,Community,,1.8,66.0,5,4,2026-04-24
15246.0,Jola Sings,Event Organiser,Music,1.73,25.5,3,2,2025-09-17
16676.0,Get Active Ston Easton,Community,CIC,1.7,25.0,3,1,2026-01-30
1445.0,Eastwood Collieries' Male Voice Choir,Music,Choir,1.7,16.0,6,6,2025-12-14
12386.0,Hounslow Symphony Orchestra,Music,,1.65,149.0,11,8,2025-11-15
4510.0,Windsor Learning Partnership Music Department,Education,Independent School - Senior,1.6,20.0,4,3,2026-04-17
17694.0,The Limes,Music,Venue,1.6,20.0,4,4,2025-10-31
14840.0,The Hayling College,Education,College,1.6,20.0,2,4,2025-07-28
14640.0,Cumbria Clothing Collective,Community,,1.6,23.0,3,2,2025-06-14
16647.0,Soroptimists Grange-over-Sands,Associations,,1.54,21.76,3,3,2026-04-16
14983.0,colinreamusic,Music,,1.5,24.0,4,4,2025-06-21
2212.0,Collavoce Collective,Music,Choir,1.5,24.0,2,2,2025-07-09
8756.0,Room At The Top @ The Arches,Tourism,Venue,1.5,21.0,3,2,2025-11-01
16330.0,Dartford Choral Society,Music,Choir,1.48,22.5,4,3,2025-11-15
753.0,Oakgrove School,Education,Independent School - Senior,1.45,8.0,4,6,2025-10-23
8455.0,Raeburn PTA,Education,PTA,1.43,17.0,5,7,2025-10-22
17309.0,CrossReach,Charity,,1.4,84.7,6,5,2025-12-05
18487.0,The Mrs Sunderland Music Festival,Festival,Music,1.4,25.0,1,1,2026-02-14
18909.0,Kailzie Gardens,Business,Food/Drink,1.38,35.0,5,4,2026-01-30
7340.0,Scotland's Gardens scheme,Associations,,1.35,18.0,3,2,2025-08-16
12264.0,Make It Happen,Education,PTA,1.3,20.0,2,2,2025-06-14
8813.0,KAOS Musical Theatre,Theatres,,1.3,20.0,2,2,2025-11-29
271.0,George Heriot's School,Education,Independent School - Senior,1.3,20.0,2,1,2026-02-22
8037.0,Glasgow Community Concert Band,Music,,1.3,20.0,2,2,2025-11-30
17557.0,Katie Wright,Event Organiser,Fundraiser,1.25,10.2,5,5,2025-12-05
4.0,Trybooking Marketing and Sales,Business,,1.25,35.0,4,6,2026-04-20
4212.0,The Beacon Museum,Tourism,Visitor Attraction,1.2,35.0,7,6,2026-05-12
19716.0,InterActive Dance Collective,Dance,,1.2,18.0,2,2,2026-05-18
11293.0,Sedbergh Booktown Literary Trust,Community,,1.15,20.0,1,1,2025-10-13
14263.0,Barns Green Players,Theatres,,1.1,16.0,1,3,2026-01-30
12359.0,The Minories,Business,Hospitality,1.05,146.0,7,7,2026-05-15
18168.0,Winchester Road Methodist Church,Community,Church,1.05,18.0,3,2,2026-01-03
16893.0,Ulverston Town Band,Community,Music,1.05,70.0,7,4,2025-10-11
12737.0,Inspiring Music,Council / Gov,,0.95,10.0,1,5,2025-07-11
4345.0,Compton Players,Theatres,AMDRAM,0.9,60.0,6,3,2026-04-24
12006.0,Sunshine Festival,Festival,,0.9,300.0,6,5,2025-06-20
2417.0,Friends of the Gordon,Education,PTA,0.85,12.5,4,4,2025-12-05
944.0,FIona Frank,Music,,0.85,43.0,3,3,2026-03-01
17616.0,Cardinal Heenan Catholic High School Performing Arts,Education,Independent School - Senior,0.8,10.0,2,2,2026-04-30
11685.0,The Cycling Music Teachers,Music,,0.8,10.0,2,1,2025-12-13
17777.0,Clwb Rygbi Bangor,Sporting Club,Rugby,0.8,13.0,2,2,2025-12-06
7289.0,Upper Dales Community Partnership t/a Little White Bus,Non Profit,,0.75,70.0,5,2,2025-10-01
17958.0,Champagne Glass Studio,Business,Workshop,0.75,0.0,0,2,2025-11-28
20268.0,Rainford Parish Church Amateur Dramatics Society,Theatres,AMDRAM,0.75,24.0,2,5,2026-05-19
17073.0,St Kenelms HSA,Education,PTA,0.75,27.5,5,1,2025-10-01
15564.0,Lyris for Women,Community,,0.75,12.0,1,1,2026-04-17
16084.0,Katana Squadron,Event Organiser,Club/Group,0.65,10.0,1,1,2025-08-16
11096.0,Southwick Revival,Festival,Historic,0.6,3.0,3,3,2025-06-02
11195.0,Park View School,Education,College,0.6,38.0,4,2,2025-07-11
16000.0,Chorley Silver Band,Music,,0.55,5.0,1,3,2026-05-04
16093.0,Enville Street Dramatic Society,Theatres,AMDRAM,0.45,0.0,0,2,2025-07-02
12676.0,SC Maxim Ltd,Business,,0.45,125.0,3,1,2025-11-26
14383.0,Leila Platt Events,Business,,0.4,5.0,1,1,2025-10-31
15161.0,SECAmb,Associations,NHS,0.4,2.0,2,1,2026-05-17
9932.0,Otley Cycle Club,Sporting Club,Cycling,0.4,5.0,1,1,2025-09-13
13485.0,Travis Pola-Carter,,,0.4,-1.0,-1,7,2026-04-29
13969.0,Lancaster Photographic Society,Community,Club/Group,0.4,5.0,1,1,2026-03-09
15796.0,Mrs R Keogh-Briggs,Business,Fair,0.33,3.65,1,1,2025-06-10
4859.0,Friends of Holy Family,Education,PTA,0.3,12.0,2,2,2025-12-06
20448.0,Donna Dickens Dance Academy,Dance,,0.3,0.0,0,2,2026-05-07
16468.0,Nigel Clarke,Community,Political,0.3,12.0,2,1,2025-08-07
19504.0,Lads - Wings of Hope,Community,Cultural,0.3,0.0,0,4,2026-02-20
14884.0,St Bartholomew wsa,Education,PTA,0.2,1.0,1,1,2025-05-30
19953.0,WCB,Business,,0.2,1.0,1,1,2026-04-08
18083.0,Lewisham Choral Society,Music,Choir,0.15,0.0,0,2,2026-05-18
17256.0,Winshill Village Primary and Nursery School PTFA,Education,PTA,0.15,0.0,0,2,2025-11-15
2621.0,Jules Postlethwaite TEST,,,0.15,3.0,1,1,2025-07-09
16303.0,CW Events - South Area Cumberland & Westmorland Freemasons,Charity,,0.15,0.0,0,2,2025-07-12
19781.0,TALKHUB CIC,Community,Health & Wellbeing,0.15,2.0,1,1,2026-03-12
1822.0,Merchant Taylors' School Northwood,Education,Independent School - Senior,0.15,5.0,1,1,2026-03-23
16851.0,Susie Tracey,,,0.15,5.0,1,1,2026-05-22
403.0,Channing School Drama Dept,Education,Independent School - Senior,0.15,25.0,1,1,2026-04-30
13473.0,Provincial Grand Chapter,Community,Social Club,0.15,39.5,1,1,2025-06-05
5448.0,SPRING INTO ACTION (MEET N MATCH),Charity,,0.15,0.0,0,2,2025-09-09
4779.0,For Mobile App Testing,Business,,0.15,0.0,0,2,2026-02-09
7587.0,Sheila D,Event Organiser,,0.15,5.0,1,1,2026-04-21
9599.0,Edmonton Islamic Centre,Community,Church,0.15,0.0,0,2,2025-08-30
17938.0,Norfolk Box Office,Theatres,,0.15,7.0,1,1,2025-11-02
18478.0,The Willink School and Sixth Form,Education,State School - Secondary,0.15,0.0,0,2,2026-01-29
14186.0,Mr D M Leadsom,Music,,0.15,0.0,0,2,2025-06-27
15224.0,Sewa Day,Community,Indian,0.15,200.0,1,1,2025-06-19
18756.0,TGAs Got Talent,Community,,0.15,2.0,1,1,2026-01-04
18747.0,BEES,Theatres,,0.15,16.0,1,1,2026-03-14
20638.0,Bletchley Radio,,,0.15,5.0,1,1,2026-05-19
13983.0,Oxclose Community Academy,Education,State School - Secondary,0.15,0.0,0,2,2025-06-27
14459.0,Zee Events UK Ltd,Business,Indian,0.0,-200.0,-4,4,2025-06-14
15167.0,Kimcote Church,Community,Church,-0.75,-15.0,-1,1,2025-06-03
