Name,Type,Location,Schedule / Trigger,Data In,Data Out,How to Run / Update,Technical Notes
prepare_data.py,Automated job,/prepare_data.py,Pi cron — daily 02:00 UTC (every day incl. weekends),"S3: Accounts, Users, BookingData, BookingDataAll","Local SQLite warehouse (warehouse.db); DuckDB file (warehouse_duck.db); .cache/ pickle","Cron runs automatically. To run manually: python3 prepare_data.py. For DuckDB only: python3 prepare_data.py --materialise-only","Runs daily including weekends to capture month-end data (current-month file stops updating when the month ends). After materialise, curls /api/warm to rebuild dashboard in-process caches. duckdb CLI must be on PATH (/usr/local/bin). See deploy/pi-crontab for full cron command."
zoho_industry.py,Automated job,/zoho_industry.py,Pi cron — weekdays 02:30 UTC,"S3: Accounts","Zoho CRM account industry field updates","Cron runs automatically. To run manually: python3 zoho_industry.py","Weekdays only (Mon–Fri). Syncs industry classifications from TryBooking platform data into Zoho CRM. Uses OAuth2 refresh token flow."
zoho_tiers.py,Automated job,/zoho_tiers.py,Pi cron — weekdays 02:45 UTC,"S3: Accounts, BookingData; Zoho CRM (read)","Zoho CRM tier field updates; CSV to reports/; retention priority written to SQLite warehouse","Cron runs automatically. Manual trigger also available via GitHub Actions zoho_tiers.yml. Dry-run version: zoho_tiers_v2.py","v2 tier algorithm: 55% current 12m revenue + 35% lifetime revenue + 10% years of loyalty. Percentile bands: T1 top 2%, T2 3–10%, T3 11–25%, T4 26–50%, T5 51–100%. Also writes retention_priority to SQLite — triggers second DuckDB materialise at 03:30 so dashboard is same-day."
s3_to_sharepoint.py,Automated job,/s3_to_sharepoint.py,Pi cron — weekdays 02:15 UTC,"S3 bucket: produk-rdsextracts-438255373632","SharePoint folder mirror (ETag-based, only changed files)","Cron runs automatically. Manual: python3 s3_to_sharepoint.py. Setup mode: --setup. Preview: --dry-run","ETag-based sync — only uploads files that have changed. Sync manifest persists at /root/s3reporting/.sync_manifest. Requires Azure credentials (AZURE_TENANT_ID, AZURE_CLIENT_ID, AZURE_CLIENT_SECRET, AZURE_SENDER_MAILBOX)."
backup_to_sharepoint.py,Automated job,/backup_to_sharepoint.py,Pi cron — daily 04:00 UTC,"Local: .env, ecosystem.config.cjs, *.db warehouse files","SharePoint Backups/pi/YYYY-MM-DD/ folder. Keeps last 7 dated copies","Cron runs automatically. Manual: python3 backup_to_sharepoint.py. Skip warehouse: --no-warehouse. Preview: --dry-run","Runs after the 03:30 re-materialise so backup includes same-day warehouse + retention priority. Protects against SSD failure (single point of failure for data not in git). Restore via restore_from_sharepoint.py."
weekly_reporting_unified.py,Scheduled report,/weekly_reporting_unified.py,Pi cron — Tuesdays 08:05 UTC (09:05 BST),"S3: Accounts, BookingData","Email HTML report to stakeholders; CSV to reports/","Cron runs automatically. Manual test: export TEST_MODE=1 && python3 weekly_reporting_unified.py. GitHub Actions: reports.yml (workflow_dispatch)","New account analysis with year-on-year comparisons. TEST_MODE redirects email to test recipients. TEST_DATE overrides processing date. Email sent via Azure Graph API (Mailgun SMTP as fallback). Was previously on GitHub Actions schedule — moved to Pi."
salesiq_weekly.py,Scheduled report,/salesiq_weekly.py,Pi cron — Tuesdays 08:00 UTC (09:00 BST),"Zoho SalesIQ API (chat data)","Email HTML report to stakeholders","Cron runs automatically. Manual: python3 salesiq_weekly.py. GitHub Actions: reports.yml (workflow_dispatch)","Weekly chat summary. Runs 5 minutes before weekly_reporting_unified.py. Requires Zoho credentials. Email via Azure Graph API."
monthly_reporting.py,Scheduled report,/monthly_reporting.py,GitHub Actions — 1st of each month 09:00 UTC,"S3: Accounts, BookingData, BookingDataAll","Email HTML report; CSV to reports/","GitHub Actions: monthly_reports.yml (also workflow_dispatch). Manual: python3 monthly_reporting.py","Monthly performance report for the previous month. Supports debug_mode and show_all_accounts workflow inputs. S3 monthly files land on the 1st; new-month files appear on the 2nd — so the 1st always reads previous month."
sales_commission_report.py,Scheduled report,/sales_commission_report.py,GitHub Actions — 2nd of each month 09:00 UTC,"S3: BookingData, Accounts; Zoho CRM","Email PDF + HTML report; CSV to reports/","GitHub Actions: sales_commission.yml (also workflow_dispatch with report_month override). Manual: python3 sales_commission_report.py","Monthly commission calculation for sales team. Config: sales_commission_config.json (flat fee £15 + percentage per person). Uses email via Azure Graph API."
weekly_domain_report.py,Scheduled report,/weekly_domain_report.py,GitHub Actions — Mondays 09:00 UTC,"S3: Users","CSV email_domains_*.csv","GitHub Actions: weekly_domain_report.yml (also workflow_dispatch). Manual: python3 weekly_domain_report.py","Extracts and counts email domains from user data. Useful for acquisition channel analysis."
eoy_planning_report.py,On-demand report,/eoy_planning_report.py,Manual (GitHub Actions workflow_dispatch),"S3: Accounts, BookingData, BookingDataAll; GA4 API","Multiple CSVs to planning/, seasonality/, industry/, cohorts/, geography/, keywords/","GitHub Actions: eoy_planning_report.yml. Inputs: report_type (rolling/year_2025/year_2024/custom/monthly_review), custom_start, custom_end, review_month. Manual: python3 eoy_planning_report.py","Comprehensive monthly metrics for target modelling. Multiple output modes for different planning contexts. Requires GA4 service account credentials."
industry_analysis.py,On-demand report,/industry_analysis.py,Manual (GitHub Actions workflow_dispatch),"S3: BookingDataAll, BookingData, Accounts","CSVs: industry_analysis_*.csv, industry_period_*.csv, industry_account_*.csv","GitHub Actions: industry_analysis.yml. Manual: python3 industry_analysis.py","Industry and revenue distribution analysis. Produces account-level, period-level, and summary industry breakdowns."
ppc_reporting.py,On-demand report,/ppc_reporting.py,Manual (GitHub Actions workflow_dispatch),"GA4 API; S3: BookingData","CSV ppc_report_2024-06-01_YYYY-MM-DD.csv","GitHub Actions: ppc_reporting.yml (test_mode input). Manual: python3 ppc_reporting.py. Config: config/ppc_campaigns.json","PPC campaign conversion and revenue attribution. Data runs from 2024-06-01 to today. Requires GA4_PROPERTY_ID and GA4_SERVICE_ACCOUNT_KEY. Campaign config in config/ppc_campaigns.json."
regional_segmentation.py,On-demand report,/regional_segmentation.py,Manual (GitHub Actions workflow_dispatch),"S3: Accounts, BookingData","CSVs: account_regional_report_*.csv, event_regional_report_*.csv","GitHub Actions: regional_segmentation.yml (debug_mode input). Manual: python3 regional_segmentation.py","UK regional distribution of accounts and events based on postcodes. Uses modules/uk_regional_segmentation.py."
analyse_wales_ni_sectors.py,On-demand report,/analyse_wales_ni_sectors.py,Manual (GitHub Actions workflow_dispatch),"S3: BookingData, Accounts","CSVs: wales_ni*.csv","GitHub Actions: regional_analysis.yml. Manual: python3 analyse_wales_ni_sectors.py","Industry sector analysis specifically for Wales and Northern Ireland accounts."
keyword_analysis_report.py,On-demand report,/keyword_analysis_report.py,Manual (GitHub Actions workflow_dispatch),"S3: BookingData","Multiple CSVs: keyword_analysis_report*.csv, keyword_*/*, *_focused_*.csv","GitHub Actions: keyword_analysis_report.yml (keywords, top_n, industry_filter inputs). Manual: python3 keyword_analysis_report.py","Event keyword/type frequency analysis (e.g. balls, concerts, musicals). Supports full or focused keyword analysis. Logic in modules/event_keyword_analysis.py."
salesiq_monthly_report.py,On-demand report,/salesiq_monthly_report.py,Manual (GitHub Actions workflow_dispatch),"Zoho SalesIQ API","CSV: salesiq_monthly_YYYY.csv","GitHub Actions: salesiq_monthly_report.yml (year, output_filename inputs). Manual: python3 salesiq_monthly_report.py","Monthly SalesIQ chat statistics by year. Different from the weekly report — this is for historical/annual analysis."
pricing_scenarios_2026.py,On-demand analysis,/pricing_scenarios_2026.py,Manual,"S3: BookingData (2025 analysis)","CSVs for online, stripe, box_office_card scenarios","Manual: python3 pricing_scenarios_2026.py. Config: pricing_scenarios.yml","2026 revenue modelling under different fee structures. Three scenario groups defined in pricing_scenarios.yml. One-off planning tool."
pricing_model_comparison.py,On-demand analysis,/pricing_model_comparison.py,Manual (GitHub Actions workflow_dispatch),"S3: BookingData","CSVs to output/pricing_*.csv","GitHub Actions: pricing_comparison.yml (year input). Manual: python3 pricing_model_comparison.py","Pricing scenario comparison across different models. Use with pricing_scenarios_2026.py for full analysis."
event_completion_reminders.py,On-demand / CRM action,/event_completion_reminders.py,Manual (GitHub Actions workflow_dispatch),"S3: Accounts, BookingData, Users, RiskReport; Vero API","Vero user tags; CSV audit trail","GitHub Actions: event_completion_reminders.yml (test_mode, test_date inputs). Manual: python3 event_completion_reminders.py","Sends behavioural reminders via GetVero after event completion. Tags users in Vero with segmentation data. TEST_MODE skips live Vero writes. API client: modules/utils/vero_api.py."
funds_remaining_reminder.py,On-demand / CRM action,/funds_remaining_reminder.py,Manual (GitHub Actions workflow_dispatch),"S3: Accounts, Users, RiskReport; Vero API","Vero tags (2025-fundsremaining-verified / notverified); CSV","GitHub Actions: funds_remaining_reminder.yml (test_mode input). Manual: python3 funds_remaining_reminder.py","Tags users with remaining funds from past events for re-engagement campaigns. TEST_MODE skips live Vero writes."
check_account_names.py,Utility / Ad-hoc,/check_account_names.py,Manual (CLI),"Input: names.txt; S3: Accounts, BookingData","CSV with matched/review/none results","python3 check_account_names.py (requires names.txt input file)","Fuzzy matches a list of account names against S3 data. Useful for cleaning up account lists or identifying duplicates."
zoho_tiers_v2.py,Utility / dry-run,/zoho_tiers_v2.py,Manual,"S3: Accounts, BookingData","CSV: tier_output.csv + summary stats (no Zoho writes)","python3 zoho_tiers_v2.py","Dry-run version of tier calculation — runs the v2 algorithm and outputs results without updating Zoho CRM. Use to preview tier changes before running zoho_tiers.py."
compare_tiers.py,Utility / Ad-hoc,/compare_tiers.py,Manual,Various tier output CSVs,Analysis comparison output,"python3 compare_tiers.py","Compares tier calculation outputs between methods or runs. Use after zoho_tiers_v2.py to validate changes."
clear_v1_tiers.py,Utility / one-off,/clear_v1_tiers.py,Manual,"Zoho CRM","Zoho CRM updates (clears old tier data)","python3 clear_v1_tiers.py","One-off utility to clear legacy v1 tier data from Zoho CRM. Only needed for migration/cleanup purposes."
TBUK_Data_Pipeline.py,Core module / utility,/TBUK_Data_Pipeline.py,Imported by other scripts,"S3: Accounts, Balance, Risk, BookingData","Combined DataFrames in memory","Imported as a module; not run directly","Core ETL pipeline — merges account, balance, risk, and booking data into combined DataFrames. Used as a shared utility by analysis scripts."
generate_dashboard_data.py,Legacy / deprecated,/generate_dashboard_data.py,Was: Pi cron (removed),"S3: Accounts, BookingData, BookingDataAll, Users","JSON files (accounts.json, account_metrics.json, ppc_report.json, daily_metrics.json, cohort_curves.json)","No longer on cron. Manual: python3 generate_dashboard_data.py (--dry-run, --local-dir options)","Removed from cron in commit 5490a60. The SvelteKit dashboard now reads the DuckDB warehouse directly — JSON baking is no longer needed. Script retained for reference/manual use only."
box_office_excel/build_workbook.py,Utility — Excel workbook generator,/box_office_excel/build_workbook.py,Manual,"None (template generation only)","BoxOfficeTerminals.xlsm (Excel workbook with formulas + VBA hooks)","python3 box_office_excel/build_workbook.py (run from repo root). VBA modules in box_office_excel/vba/ must be pasted in manually — see box_office_excel/SETUP.md","Generates the Box Office Terminals Excel workbook: structured tables, dropdowns, and formula columns. VBA handles business rules (double-booking prevention, trial/payment guard, continuation logic) that worksheet formulas cannot express. One terminal per hire row. No regulated data — safe to run locally."
restore_from_sharepoint.py,Utility — disaster recovery,/restore_from_sharepoint.py,Manual,"SharePoint Backups/pi/YYYY-MM-DD/","Local filesystem restore (.env, *.db files)","python3 restore_from_sharepoint.py --list (to see available backups). python3 restore_from_sharepoint.py --date YYYY-MM-DD","Disaster recovery script. Restores Pi state from SharePoint backups created by backup_to_sharepoint.py. Use --list first to see what backups exist."
